SKU,material,colour,model,season

MWND3,Silicone Case,Light Blue,iPhone 15,Spring 2024
MWNH3,Silicone Case,Light Blue,iPhone 15 Plus,Spring 2024
MWNM3,Silicone Case,Light Blue,iPhone 15 Pro,Spring 2024
MWNR3,Silicone Case,Light Blue,iPhone 15 Pro Max,Spring 2024
MWN93,Silicone Case,Pink,iPhone 15,Spring 2024
MWNE3,Silicone Case,Pink,iPhone 15 Plus,Spring 2024
MWNJ3,Silicone Case,Pink,iPhone 15 Pro,Spring 2024
MWNN3,Silicone Case,Pink,iPhone 15 Pro Max,Spring 2024
MWNC3,Silicone Case,Soft Mint,iPhone 15,Spring 2024
MWNG3,Silicone Case,Soft Mint,iPhone 15 Plus,Spring 2024
MWNL3,Silicone Case,Soft Mint,iPhone 15 Pro,Spring 2024
MWNQ3,Silicone Case,Soft Mint,iPhone 15 Pro Max,Spring 2024
MWNA3,Silicone Case,Sunshine,iPhone 15,Spring 2024
MWNF3,Silicone Case,Sunshine,iPhone 15 Plus,Spring 2024
MWNK3,Silicone Case,Sunshine,iPhone 15 Pro,Spring 2024
MWNP3,Silicone Case,Sunshine,iPhone 15 Pro Max,Spring 2024

MT0W3,Silicone Case,Orange Sorbet,iPhone 15,Autumn 2023
MT173,Silicone Case,Orange Sorbet,iPhone 15 Plus,Autumn 2023
MT1H3,Silicone Case,Orange Sorbet,iPhone 15 Pro,Autumn 2023
MT1W3,Silicone Case,Orange Sorbet,iPhone 15 Pro Max,Autumn 2023
MT0X3,Silicone Case,Cypress,iPhone 15,Autumn 2023
MT183,Silicone Case,Cypress,iPhone 15 Plus,Autumn 2023
MT1J3,Silicone Case,Cypress,iPhone 15 Pro,Autumn 2023
MT1X3,Silicone Case,Cypress,iPhone 15 Pro Max,Autumn 2023
MT0Y3,Silicone Case,Winter Blue,iPhone 15,Autumn 2023
MT193,Silicone Case,Winter Blue,iPhone 15 Plus,Autumn 2023
MT1L3,Silicone Case,Winter Blue,iPhone 15 Pro,Autumn 2023
MT1Y3,Silicone Case,Winter Blue,iPhone 15 Pro Max,Autumn 2023
MT0J3,Silicone Case,Black,iPhone 15,Autumn 2023
MT103,Silicone Case,Black,iPhone 15 Plus,Autumn 2023
MT1A3,Silicone Case,Black,iPhone 15 Pro,Autumn 2023
MT1M3,Silicone Case,Black,iPhone 15 Pro Max,Autumn 2023
MT0N3,Silicone Case,Storm Blue,iPhone 15,Autumn 2023
MT123,Silicone Case,Storm Blue,iPhone 15 Plus,Autumn 2023
MT1D3,Silicone Case,Storm Blue,iPhone 15 Pro,Autumn 2023
MT1P3,Silicone Case,Storm Blue,iPhone 15 Pro Max,Autumn 2023
MT0V3,Silicone Case,Guava,iPhone 15,Autumn 2023
MT163,Silicone Case,Guava,iPhone 15 Plus,Autumn 2023
MT1G3,Silicone Case,Guava,iPhone 15 Pro,Autumn 2023
MT1V3,Silicone Case,Guava,iPhone 15 Pro Max,Autumn 2023
MT0Q3,Silicone Case,Clay,iPhone 15,Autumn 2023
MT133,Silicone Case,Clay,iPhone 15 Plus,Autumn 2023
MT1E3,Silicone Case,Clay,iPhone 15 Pro,Autumn 2023
MT1Q3,Silicone Case,Clay,iPhone 15 Pro Max,Autumn 2023
MT0U3,Silicone Case,Light Pink,iPhone 15,Autumn 2023
MT143,Silicone Case,Light Pink,iPhone 15 Plus,Autumn 2023
MT1F3,Silicone Case,Light Pink,iPhone 15 Pro,Autumn 2023
MT1U3,Silicone Case,Light Pink,iPhone 15 Pro Max,Autumn 2023

MT393,Silicone Case,Black,iPhone 15,Autumn 2023
MT423,Silicone Case,Black,iPhone 15 Plus,Autumn 2023
MT4H3,Silicone Case,Black,iPhone 15 Pro,Autumn 2023
MT4V3,Silicone Case,Black,iPhone 15 Pro Max,Autumn 2023
MT3C3,Silicone Case,Taupe,iPhone 15,Autumn 2023
MT473,Silicone Case,Taupe,iPhone 15 Plus,Autumn 2023
MT4J3,Silicone Case,Taupe,iPhone 15 Pro,Autumn 2023
MT4W3,Silicone Case,Taupe,iPhone 15 Pro Max,Autumn 2023
MT3E3,Silicone Case,Mulberry,iPhone 15,Autumn 2023
MT4A3,Silicone Case,Mulberry,iPhone 15 Plus,Autumn 2023
MT4L3,Silicone Case,Mulberry,iPhone 15 Pro,Autumn 2023
MT4X3,Silicone Case,Mulberry,iPhone 15 Pro Max,Autumn 2023
MT3G3,Silicone Case,Pacific Blue,iPhone 15,Autumn 2023
MT4D3,Silicone Case,Pacific Blue,iPhone 15 Plus,Autumn 2023
MT4Q3,Silicone Case,Pacific Blue,iPhone 15 Pro,Autumn 2023
MT4Y3,Silicone Case,Pacific Blue,iPhone 15 Pro Max,Autumn 2023
MT3J3,Silicone Case,Evergreen,iPhone 15,Autumn 2023
MT4F3,Silicone Case,Evergreen,iPhone 15 Plus,Autumn 2023
MT4U3,Silicone Case,Evergreen,iPhone 15 Pro,Autumn 2023
MT503,Silicone Case,Evergreen,iPhone 15 Pro Max,Autumn 2023

MT393,FineWoven Case,Black,iPhone 15,Autumn 2023
MT423,FineWoven Case,Black,iPhone 15 Plus,Autumn 2023
MT4H3,FineWoven Case,Black,iPhone 15 Pro,Autumn 2023
MT4V3,FineWoven Case,Black,iPhone 15 Pro Max,Autumn 2023
MT3C3,FineWoven Case,Taupe,iPhone 15,Autumn 2023
MT473,FineWoven Case,Taupe,iPhone 15 Plus,Autumn 2023
MT4J3,FineWoven Case,Taupe,iPhone 15 Pro,Autumn 2023
MT4W3,FineWoven Case,Taupe,iPhone 15 Pro Max,Autumn 2023
MT3E3,FineWoven Case,Mulberry,iPhone 15,Autumn 2023
MT4A3,FineWoven Case,Mulberry,iPhone 15 Plus,Autumn 2023
MT4L3,FineWoven Case,Mulberry,iPhone 15 Pro,Autumn 2023
MT4X3,FineWoven Case,Mulberry,iPhone 15 Pro Max,Autumn 2023
MT3G3,FineWoven Case,Pacific Blue,iPhone 15,Autumn 2023
MT4D3,FineWoven Case,Pacific Blue,iPhone 15 Plus,Autumn 2023
MT4Q3,FineWoven Case,Pacific Blue,iPhone 15 Pro,Autumn 2023
MT4Y3,FineWoven Case,Pacific Blue,iPhone 15 Pro Max,Autumn 2023
MT3J3,FineWoven Case,Evergreen,iPhone 15,Autumn 2023
MT4F3,FineWoven Case,Evergreen,iPhone 15 Plus,Autumn 2023
MT4U3,FineWoven Case,Evergreen,iPhone 15 Pro,Autumn 2023
MT503,FineWoven Case,Evergreen,iPhone 15 Pro Max,Autumn 2023

MT203,Clear Case,Clear Case,iPhone 15,Autumn 2023
MT213,Clear Case,Clear Case,iPhone 15 Plus,Autumn 2023
MT223,Clear Case,Clear Case,iPhone 15 Pro,Autumn 2023
MT233,Clear Case,Clear Case,iPhone 15 Pro Max,Autumn 2023
