SKU,kind,colour,model,season,alt_thumbnail
MA6A4,Clear Case,Clear Case,iPhone 16,Autumn 2024,
MA7D4,Clear Case,Clear Case,iPhone 16 Plus,Autumn 2024,
MA7E4,Clear Case,Clear Case,iPhone 16 Pro,Autumn 2024,
MA7F4,Clear Case,Clear Case,iPhone 16 Pro Max,Autumn 2024,
MA7U4,Silicone Case,Star Fruit,iPhone 16 Pro Max,Autumn 2024,
MA7V4,Silicone Case,Lake Green,iPhone 16 Pro Max,Autumn 2024,
MCFC4,Beats Case,Midnight Black,iPhone 16,Autumn 2024,
MCFD4,Beats Case,Summit Stone,iPhone 16,Autumn 2024,
MCFE4,Beats Case,Riptide Blue,iPhone 16,Autumn 2024,
MCFF4,Beats Case,Sunset Purple,iPhone 16,Autumn 2024,
MCFG4,Beats Case,Midnight Black,iPhone 16 Plus,Autumn 2024,
MCFH4,Beats Case,Summit Stone,iPhone 16 Plus,Autumn 2024,
MCFJ4,Beats Case,Riptide Blue,iPhone 16 Plus,Autumn 2024,
MCFK4,Beats Case,Sunset Purple,iPhone 16 Plus,Autumn 2024,
MCFL4,Beats Case,Midnight Black,iPhone 16 Pro,Autumn 2024,
MCFM4,Beats Case,Summit Stone,iPhone 16 Pro,Autumn 2024,
MCFN4,Beats Case,Riptide Blue,iPhone 16 Pro,Autumn 2024,
MCFP4,Beats Case,Sunset Purple,iPhone 16 Pro,Autumn 2024,
MCFQ4,Beats Case,Midnight Black,iPhone 16 Pro Max,Autumn 2024,
MCFR4,Beats Case,Summit Stone,iPhone 16 Pro Max,Autumn 2024,
MCFT4,Beats Case,Riptide Blue,iPhone 16 Pro Max,Autumn 2024,
MCFU4,Beats Case,Sunset Purple,iPhone 16 Pro Max,Autumn 2024,
MHK63,Leather Case,California Poppy,iPhone 12 mini,Autumn 2020,MHK63_AV1
MHK73,Leather Case,(PRODUCT)RED,iPhone 12 mini,Autumn 2020,MHK73_AV1
MHK83,Leather Case,Baltic Blue,iPhone 12 mini,Autumn 2020,MHK83_AV1
MHK93,Leather Case,Saddle Brown,iPhone 12 mini,Autumn 2020,MHK93_AV1
MHKA3,Leather Case,Black,iPhone 12 mini,Autumn 2020,MHKA3_AV1
MHKC3,Leather Case,California Poppy,iPhone 12 & 12 Pro,Autumn 2020,
MHKD3,Leather Case,(PRODUCT)RED,iPhone 12 & 12 Pro,Autumn 2020,
MHKE3,Leather Case,Baltic Blue,iPhone 12 & 12 Pro,Autumn 2020,
MHKF3,Leather Case,Saddle Brown,iPhone 12 & 12 Pro,Autumn 2020,
MHKG3,Leather Case,Black,iPhone 12 & 12 Pro,Autumn 2020,
MHKH3,Leather Case,California Poppy,iPhone 12 Pro Max,Autumn 2020,
MHKJ3,Leather Case,(PRODUCT)RED,iPhone 12 Pro Max,Autumn 2020,
MHKK3,Leather Case,Baltic Blue,iPhone 12 Pro Max,Autumn 2020,
MHKL3,Leather Case,Saddle Brown,iPhone 12 Pro Max,Autumn 2020,
MHKM3,Leather Case,Black,iPhone 12 Pro Max,Autumn 2020,
MHKN3,Silicone Case,Kumquat,iPhone 12 mini,Autumn 2020,MHKN3_AV01
MHKP3,Silicone Case,Pink Citrus,iPhone 12 mini,Autumn 2020,MHKP3_AV01
MHKQ3,Silicone Case,Plum,iPhone 12 mini,Autumn 2020,MHKQ3_AV01
MHKR3,Silicone Case,Cypress Green,iPhone 12 mini,Autumn 2020,MHKR3_AV01
MHKU3,Silicone Case,Deep Navy,iPhone 12 mini,Autumn 2020,MHKU3_AV01
MHKV3,Silicone Case,White,iPhone 12 mini,Autumn 2020,MHKV3_AV1
MHKW3,Silicone Case,(PRODUCT)RED,iPhone 12 mini,Autumn 2020,MHKW3_AV1
MHKX3,Silicone Case,Black,iPhone 12 mini,Autumn 2020,MHKX3_AV1
MHKY3,Silicone Case,Kumquat,iPhone 12 & 12 Pro,Autumn 2020,
MHL03,Silicone Case,Pink Citrus,iPhone 12 & 12 Pro,Autumn 2020,
MHL23,Silicone Case,Plum,iPhone 12 & 12 Pro,Autumn 2020,
MHL33,Silicone Case,Cypress Green,iPhone 12 & 12 Pro,Autumn 2020,
MHL43,Silicone Case,Deep Navy,iPhone 12 & 12 Pro,Autumn 2020,
MHL53,Silicone Case,White,iPhone 12 & 12 Pro,Autumn 2020,
MHL63,Silicone Case,(PRODUCT)RED,iPhone 12 & 12 Pro,Autumn 2020,
MHL73,Silicone Case,Black,iPhone 12 & 12 Pro,Autumn 2020,
MHL83,Silicone Case,Kumquat,iPhone 12 Pro Max,Autumn 2020,
MHL93,Silicone Case,Pink Citrus,iPhone 12 Pro Max,Autumn 2020,
MHLA3,Silicone Case,Plum,iPhone 12 Pro Max,Autumn 2020,
MHLC3,Silicone Case,Cypress Green,iPhone 12 Pro Max,Autumn 2020,
MHLD3,Silicone Case,Deep Navy,iPhone 12 Pro Max,Autumn 2020,
MHLE3,Silicone Case,White,iPhone 12 Pro Max,Autumn 2020,
MHLF3,Silicone Case,(PRODUCT)RED,iPhone 12 Pro Max,Autumn 2020,
MHLG3,Silicone Case,Black,iPhone 12 Pro Max,Autumn 2020,
MHLL3,Clear Case,Clear Case,iPhone 12 mini,Autumn 2020,MHLL3_AV2
MHLM3,Clear Case,Clear Case,iPhone 12 & 12 Pro,Autumn 2020,MHLM3_AV03
MHLN3,Clear Case,Clear Case,iPhone 12 Pro Max,Autumn 2020,
MHMN3,Leather Sleeve,Pink Citrus,iPhone 12 mini,Autumn 2020,MHMN3_cut
MHMP3,Leather Sleeve,Saddle Brown,iPhone 12 mini,Autumn 2020,MHMP3_cut
MHMQ3,Leather Sleeve,Baltic Blue,iPhone 12 mini,Autumn 2020,MHMQ3_cut
MHMR3,Leather Sleeve,(PRODUCT)RED,iPhone 12 mini,Autumn 2020,MHMR3_cut
MHYA3,Leather Sleeve,Pink Citrus,iPhone 12 & 12 Pro,Autumn 2020,MHYA3_cut
MHYC3,Leather Sleeve,Saddle Brown,iPhone 12 & 12 Pro,Autumn 2020,MHYC3_cut
MHYD3,Leather Sleeve,Baltic Blue,iPhone 12 & 12 Pro,Autumn 2020,MHYD3_cut
MHYE3,Leather Sleeve,(PRODUCT)RED,iPhone 12 & 12 Pro,Autumn 2020,MHYE3_cut
MHYF3,Leather Sleeve,Pink Citrus,iPhone 12 Pro Max,Autumn 2020,MHYF3_cut
MHYG3,Leather Sleeve,Saddle Brown,iPhone 12 Pro Max,Autumn 2020,MHYG3_cut
MHYH3,Leather Sleeve,Baltic Blue,iPhone 12 Pro Max,Autumn 2020,MHYH3_cut
MHYJ3,Leather Sleeve,(PRODUCT)RED,iPhone 12 Pro Max,Autumn 2020,MHYJ3_cut
MJYQ3,Leather Case,Deep Violet,iPhone 12 mini,Spring 2021,
MJYR3,Leather Case,Deep Violet,iPhone 12 & 12 Pro,Spring 2021,
MJYT3,Leather Case,Deep Violet,iPhone 12 Pro Max,Spring 2021,
MJYU3,Silicone Case,Capri Blue,iPhone 12 mini,Spring 2021,MJYU3_AV01
MJYV3,Silicone Case,Pistachio,iPhone 12 mini,Spring 2021,MJYV3_AV01
MJYW3,Silicone Case,Cantaloupe,iPhone 12 mini,Spring 2021,MJYW3_AV01
MJYX3,Silicone Case,Amethyst,iPhone 12 mini,Spring 2021,MJYX3_AV01
MJYY3,Silicone Case,Capri Blue,iPhone 12 & 12 Pro,Spring 2021,
MK003,Silicone Case,Pistachio,iPhone 12 & 12 Pro,Spring 2021,
MK023,Silicone Case,Cantaloupe,iPhone 12 & 12 Pro,Spring 2021,
MK033,Silicone Case,Amethyst,iPhone 12 & 12 Pro,Spring 2021,
MK043,Silicone Case,Capri Blue,iPhone 12 Pro Max,Spring 2021,
MK053,Silicone Case,Pistachio,iPhone 12 Pro Max,Spring 2021,
MK073,Silicone Case,Cantaloupe,iPhone 12 Pro Max,Spring 2021,
MK083,Silicone Case,Amethyst,iPhone 12 Pro Max,Spring 2021,
MK093,Leather Sleeve,Deep Violet,iPhone 12 mini,Spring 2021,MK093_cut
MK0A3,Leather Sleeve,Deep Violet,iPhone 12 & 12 Pro,Spring 2021,MK0A3_cut
MK0D3,Leather Sleeve,Deep Violet,iPhone 12 Pro Max,Spring 2021,MK0D3_cut
MKTM3,Silicone Case,Sunflower,iPhone 12 mini,Summer 2021,MKTM3_AV01
MKTN3,Silicone Case,Electric Orange,iPhone 12 mini,Summer 2021,MKTN3_AV01
MKTP3,Silicone Case,Cloud Blue,iPhone 12 mini,Summer 2021,MKTP3_AV01
MKTQ3,Silicone Case,Sunflower,iPhone 12 & 12 Pro,Summer 2021,
MKTR3,Silicone Case,Electric Orange,iPhone 12 & 12 Pro,Summer 2021,
MKTT3,Silicone Case,Cloud Blue,iPhone 12 & 12 Pro,Summer 2021,
MKTW3,Silicone Case,Sunflower,iPhone 12 Pro Max,Summer 2021,
MKTX3,Silicone Case,Electric Orange,iPhone 12 Pro Max,Summer 2021,
MKTY3,Silicone Case,Cloud Blue,iPhone 12 Pro Max,Summer 2021,
MM0D3,Leather Case,Golden Brown,iPhone 13 mini,Autumn 2021,
MM0G3,Leather Case,Dark Cherry,iPhone 13 mini,Autumn 2021,
MM0H3,Leather Case,Wisteria,iPhone 13 mini,Autumn 2021,
MM0J3,Leather Case,Sequoia Green,iPhone 13 mini,Autumn 2021,
MM0M3,Leather Case,Midnight,iPhone 13 mini,Autumn 2021,
MM103,Leather Case,Golden Brown,iPhone 13,Autumn 2021,
MM143,Leather Case,Dark Cherry,iPhone 13,Autumn 2021,
MM163,Leather Case,Wisteria,iPhone 13,Autumn 2021,
MM173,Leather Case,Sequoia Green,iPhone 13,Autumn 2021,
MM183,Leather Case,Midnight,iPhone 13,Autumn 2021,
MM193,Leather Case,Golden Brown,iPhone 13 Pro,Autumn 2021,
MM1A3,Leather Case,Dark Cherry,iPhone 13 Pro,Autumn 2021,
MM1F3,Leather Case,Wisteria,iPhone 13 Pro,Autumn 2021,
MM1G3,Leather Case,Sequoia Green,iPhone 13 Pro,Autumn 2021,
MM1H3,Leather Case,Midnight,iPhone 13 Pro,Autumn 2021,
MM1L3,Leather Case,Golden Brown,iPhone 13 Pro Max,Autumn 2021,
MM1M3,Leather Case,Dark Cherry,iPhone 13 Pro Max,Autumn 2021,
MM1P3,Leather Case,Wisteria,iPhone 13 Pro Max,Autumn 2021,
MM1Q3,Leather Case,Sequoia Green,iPhone 13 Pro Max,Autumn 2021,
MM1R3,Leather Case,Midnight,iPhone 13 Pro Max,Autumn 2021,
MM1U3,Silicone Case,Marigold,iPhone 13 mini,Autumn 2021,
MM1V3,Silicone Case,Pink Pomelo,iPhone 13 mini,Autumn 2021,
MM1X3,Silicone Case,Clover,iPhone 13 mini,Autumn 2021,
MM1Y3,Silicone Case,Blue Jay,iPhone 13 mini,Autumn 2021,
MM203,Silicone Case,Chalk Pink,iPhone 13 mini,Autumn 2021,
MM213,Silicone Case,Abyss Blue,iPhone 13 mini,Autumn 2021,
MM223,Silicone Case,Midnight,iPhone 13 mini,Autumn 2021,
MM233,Silicone Case,(PRODUCT)RED,iPhone 13 mini,Autumn 2021,
MM243,Silicone Case,Marigold,iPhone 13,Autumn 2021,
MM253,Silicone Case,Pink Pomelo,iPhone 13,Autumn 2021,
MM263,Silicone Case,Clover,iPhone 13,Autumn 2021,
MM273,Silicone Case,Blue Jay,iPhone 13,Autumn 2021,
MM283,Silicone Case,Chalk Pink,iPhone 13,Autumn 2021,
MM293,Silicone Case,Abyss Blue,iPhone 13,Autumn 2021,
MM2A3,Silicone Case,Midnight,iPhone 13,Autumn 2021,
MM2C3,Silicone Case,(PRODUCT)RED,iPhone 13,Autumn 2021,
MM2D3,Silicone Case,Marigold,iPhone 13 Pro,Autumn 2021,
MM2E3,Silicone Case,Pink Pomelo,iPhone 13 Pro,Autumn 2021,
MM2F3,Silicone Case,Clover,iPhone 13 Pro,Autumn 2021,
MM2G3,Silicone Case,Blue Jay,iPhone 13 Pro,Autumn 2021,
MM2H3,Silicone Case,Chalk Pink,iPhone 13 Pro,Autumn 2021,
MM2J3,Silicone Case,Abyss Blue,iPhone 13 Pro,Autumn 2021,
MM2K3,Silicone Case,Midnight,iPhone 13 Pro,Autumn 2021,
MM2L3,Silicone Case,(PRODUCT)RED,iPhone 13 Pro,Autumn 2021,
MM2M3,Silicone Case,Marigold,iPhone 13 Pro Max,Autumn 2021,
MM2N3,Silicone Case,Pink Pomelo,iPhone 13 Pro Max,Autumn 2021,
MM2P3,Silicone Case,Clover,iPhone 13 Pro Max,Autumn 2021,
MM2Q3,Silicone Case,Blue Jay,iPhone 13 Pro Max,Autumn 2021,
MM2R3,Silicone Case,Chalk Pink,iPhone 13 Pro Max,Autumn 2021,
MM2T3,Silicone Case,Abyss Blue,iPhone 13 Pro Max,Autumn 2021,
MM2U3,Silicone Case,Midnight,iPhone 13 Pro Max,Autumn 2021,
MM2V3,Silicone Case,(PRODUCT)RED,iPhone 13 Pro Max,Autumn 2021,
MM2W3,Clear Case,Clear Case,iPhone 13 mini,Autumn 2021,MM2W3_AV4
MM2X3,Clear Case,Clear Case,iPhone 13,Autumn 2021,MM2X3_AV2
MM2Y3,Clear Case,Clear Case,iPhone 13 Pro,Autumn 2021,MM2Y3_AV3
MM313,Clear Case,Clear Case,iPhone 13 Pro Max,Autumn 2021,MM313_AV2
MMQR2,Silicone Case,White,iPhone 7 Plus,Autumn 2016,
MMQT2,Silicone Case,(PRODUCT)RED,iPhone 7 Plus,Autumn 2016,
MMQU2,Silicone Case,Black,iPhone 7 Plus,Autumn 2016,
MMQV2,Silicone Case,Midnight Blue,iPhone 7 Plus,Autumn 2016,
MMQW2,Silicone Case,PRODUCT(RED),iPhone 7 Plus,Autumn 2016,
MMQX2,Silicone Case,Stone,iPhone 7 Plus,Autumn 2016,
MMQY2,Silicone Case,Sea Blue,iPhone 7 Plus,Autumn 2016,
MMT02,Silicone Case,Ocean Blue,iPhone 7 Plus,Autumn 2016,
MMT12,Silicone Case,Pink Sand,iPhone 7 Plus,Autumn 2016,
MMW82,Silicone Case,Black,iPhone 7,Autumn 2016,
MMWF2,Silicone Case,White,iPhone 7,Autumn 2016,
MMWK2,Silicone Case,Midnight Blue,iPhone 7,Autumn 2016,
MMWN2,Silicone Case,(PRODUCT)RED,iPhone 7,Autumn 2016,
MMWR2,Silicone Case,PRODUCT(RED),iPhone 7,Autumn 2016,
MMWW2,Silicone Case,Stone,iPhone 7,Autumn 2016,
MMX02,Silicone Case,Sea Blue,iPhone 7,Autumn 2016,
MMX12,Silicone Case,Ocean Blue,iPhone 7,Autumn 2016,
MMX22,Silicone Case,Pink Sand,iPhone 7,Autumn 2016,
MMY12,Leather Case,Storm Gray,iPhone 7,Autumn 2016,
MMY22,Leather Case,Saddle Brown,iPhone 7,Autumn 2016,
MMY32,Leather Case,Midnight Blue,iPhone 7,Autumn 2016,
MMY42,Leather Case,Sea Blue,iPhone 7,Autumn 2016,
MMY52,Leather Case,Black,iPhone 7,Autumn 2016,
MMY62,Leather Case,(PRODUCT)RED,iPhone 7,Autumn 2016,
MMY72,Leather Case,Tan,iPhone 7,Autumn 2016,
MMYE2,Leather Case,Storm Gray,iPhone 7 Plus,Autumn 2016,
MMYF2,Leather Case,Saddle Brown,iPhone 7 Plus,Autumn 2016,
MMYG2,Leather Case,Midnight Blue,iPhone 7 Plus,Autumn 2016,
MMYH2,Leather Case,Sea Blue,iPhone 7 Plus,Autumn 2016,
MMYJ2,Leather Case,Black,iPhone 7 Plus,Autumn 2016,
MMYK2,Leather Case,(PRODUCT)RED,iPhone 7 Plus,Autumn 2016,
MMYL2,Leather Case,Tan,iPhone 7 Plus,Autumn 2016,
MN002,Smart Battery Case,Black,iPhone 7,November 2016,
MN012,Smart Battery Case,White,iPhone 7,November 2016,
MN022,Smart Battery Case,(PRODUCT)RED,iPhone 7,November 2016,
MN5W3,Silicone Case,Blue Fog,iPhone 13 mini,Spring 2022,
MN5X3,Silicone Case,Lemon Zest,iPhone 13 mini,Spring 2022,
MN5Y3,Silicone Case,Eucalyptus,iPhone 13 mini,Spring 2022,
MN603,Silicone Case,Nectarine,iPhone 13 mini,Spring 2022,
MN613,Silicone Case,Blue Fog,iPhone 13,Spring 2022,
MN623,Silicone Case,Lemon Zest,iPhone 13,Spring 2022,
MN633,Silicone Case,Eucalyptus,iPhone 13,Spring 2022,
MN643,Silicone Case,Nectarine,iPhone 13,Spring 2022,
MN653,Silicone Case,Blue Fog,iPhone 13 Pro,Spring 2022,
MN663,Silicone Case,Lemon Zest,iPhone 13 Pro,Spring 2022,
MN673,Silicone Case,Eucalyptus,iPhone 13 Pro,Spring 2022,
MN683,Silicone Case,Nectarine,iPhone 13 Pro,Spring 2022,
MN693,Silicone Case,Blue Fog,iPhone 13 Pro Max,Spring 2022,
MN6A3,Silicone Case,Lemon Zest,iPhone 13 Pro Max,Spring 2022,
MN6C3,Silicone Case,Eucalyptus,iPhone 13 Pro Max,Spring 2022,
MN6D3,Silicone Case,Nectarine,iPhone 13 Pro Max,Spring 2022,
MN6E3,Silicone Case,Midnight,iPhone SE,Spring 2022,
MN6F3,Silicone Case,Abyss Blue,iPhone SE,Spring 2022,
MN6G3,Silicone Case,Chalk Pink,iPhone SE,Spring 2022,
MN6H3,Silicone Case,(PRODUCT)RED,iPhone SE,Spring 2022,
MPP43,Leather Case,Midnight,iPhone 14,Autumn 2022,
MPP53,Leather Case,Forest Green,iPhone 14,Autumn 2022,
MPP63,Leather Case,Ink,iPhone 14,Autumn 2022,
MPP73,Leather Case,Umber,iPhone 14,Autumn 2022,
MPP83,Leather Case,Orange,iPhone 14,Autumn 2022,
MPP93,Leather Case,Midnight,iPhone 14 Plus,Autumn 2022,
MPPA3,Leather Case,Forest Green,iPhone 14 Plus,Autumn 2022,
MPPC3,Leather Case,Ink,iPhone 14 Plus,Autumn 2022,
MPPD3,Leather Case,Umber,iPhone 14 Plus,Autumn 2022,
MPPF3,Leather Case,Orange,iPhone 14 Plus,Autumn 2022,
MPPG3,Leather Case,Midnight,iPhone 14 Pro,Autumn 2022,
MPPH3,Leather Case,Forest Green,iPhone 14 Pro,Autumn 2022,
MPPJ3,Leather Case,Ink,iPhone 14 Pro,Autumn 2022,
MPPK3,Leather Case,Umber,iPhone 14 Pro,Autumn 2022,
MPPL3,Leather Case,Orange,iPhone 14 Pro,Autumn 2022,
MPPM3,Leather Case,Midnight,iPhone 14 Pro Max,Autumn 2022,
MPPN3,Leather Case,Forest Green,iPhone 14 Pro Max,Autumn 2022,
MPPP3,Leather Case,Ink,iPhone 14 Pro Max,Autumn 2022,
MPPQ3,Leather Case,Umber,iPhone 14 Pro Max,Autumn 2022,
MPPR3,Leather Case,Orange,iPhone 14 Pro Max,Autumn 2022,
MPRU3,Silicone Case,Midnight,iPhone 14,Autumn 2022,
MPRV3,Silicone Case,Storm Blue,iPhone 14,Autumn 2022,
MPRW3,Silicone Case,(PRODUCT)RED,iPhone 14,Autumn 2022,
MPRX3,Silicone Case,Chalk Pink,iPhone 14,Autumn 2022,
MPRY3,Silicone Case,Lilac,iPhone 14,Autumn 2022,
MPT03,Silicone Case,Elderberry,iPhone 14,Autumn 2022,
MPT13,Silicone Case,Succulent,iPhone 14,Autumn 2022,
MPT23,Silicone Case,Sunglow,iPhone 14,Autumn 2022,
MPT33,Silicone Case,Midnight,iPhone 14 Plus,Autumn 2022,
MPT53,Silicone Case,Storm Blue,iPhone 14 Plus,Autumn 2022,
MPT62,Leather Case,Taupe,iPhone 7,Spring 2017,
MPT63,Silicone Case,(PRODUCT)RED,iPhone 14 Plus,Autumn 2022,
MPT73,Silicone Case,Chalk Pink,iPhone 14 Plus,Autumn 2022,
MPT83,Silicone Case,Lilac,iPhone 14 Plus,Autumn 2022,
MPT92,Leather Case,Sapphire,iPhone 7,Spring 2017,
MPT93,Silicone Case,Elderberry,iPhone 14 Plus,Autumn 2022,
MPTC2,Leather Case,Taupe,iPhone 7 Plus,Spring 2017,
MPTC3,Silicone Case,Succulent,iPhone 14 Plus,Autumn 2022,
MPTD3,Silicone Case,Sunglow,iPhone 14 Plus,Autumn 2022,
MPTE3,Silicone Case,Midnight,iPhone 14 Pro,Autumn 2022,
MPTF2,Leather Case,Sapphire,iPhone 7 Plus,Spring 2017,
MPTF3,Silicone Case,Storm Blue,iPhone 14 Pro,Autumn 2022,
MPTG3,Silicone Case,(PRODUCT)RED,iPhone 14 Pro,Autumn 2022,
MPTH3,Silicone Case,Chalk Pink,iPhone 14 Pro,Autumn 2022,
MPTJ3,Silicone Case,Lilac,iPhone 14 Pro,Autumn 2022,
MPTK3,Silicone Case,Elderberry,iPhone 14 Pro,Autumn 2022,
MPTL3,Silicone Case,Succulent,iPhone 14 Pro,Autumn 2022,
MPTM3,Silicone Case,Sunglow,iPhone 14 Pro,Autumn 2022,
MPTP3,Silicone Case,Midnight,iPhone 14 Pro Max,Autumn 2022,
MPTQ3,Silicone Case,Storm Blue,iPhone 14 Pro Max,Autumn 2022,
MPTR3,Silicone Case,(PRODUCT)RED,iPhone 14 Pro Max,Autumn 2022,
MPTT3,Silicone Case,Chalk Pink,iPhone 14 Pro Max,Autumn 2022,
MPTW3,Silicone Case,Lilac,iPhone 14 Pro Max,Autumn 2022,
MPTX3,Silicone Case,Elderberry,iPhone 14 Pro Max,Autumn 2022,
MPTY3,Silicone Case,Succulent,iPhone 14 Pro Max,Autumn 2022,
MPU03,Silicone Case,Sunglow,iPhone 14 Pro Max,Autumn 2022,
MPU13,Clear Case,Clear Case,iPhone 14,Autumn 2022,MPU13_AV4
MPU43,Clear Case,Clear Case,iPhone 14 Plus,Autumn 2022,MPU43_AV1
MPU63,Clear Case,Clear Case,iPhone 14 Pro,Autumn 2022,
MPU73,Clear Case,Clear Case,iPhone 14 Pro Max,Autumn 2022,MPU73_AV1
MPVG2,Leather Case,Berry,iPhone 7,Spring 2017,
MPVU2,Leather Case,Berry,iPhone 7 Plus,Spring 2017,
MQ0J2,Silicone Case,Azure,iPhone 7,Spring 2017,
MQ0K2,Silicone Case,Camellia,iPhone 7,Spring 2017,
MQ0L2,Silicone Case,Pebble,iPhone 7,Spring 2017,
MQ0M2,Silicone Case,Azure,iPhone 7 Plus,Spring 2017,
MQ0N2,Silicone Case,Camellia,iPhone 7 Plus,Spring 2017,
MQ0P2,Silicone Case,Pebble,iPhone 7 Plus,Spring 2017,
MQ582,Silicone Case,Mist Blue,iPhone 7,Summer 2017,
MQ592,Silicone Case,Flamingo,iPhone 7,Summer 2017,
MQ5A2,Silicone Case,Pollen,iPhone 7,Summer 2017,
MQ5C2,Silicone Case,Mist Blue,iPhone 7 Plus,Summer 2017,
MQ5D2,Silicone Case,Flamingo,iPhone 7 Plus,Summer 2017,
MQ5E2,Silicone Case,Pollen,iPhone 7 Plus,Summer 2017,
MQ5F2,Leather Case,Geranium,iPhone 7,Summer 2017,
MQ5G2,Leather Case,Sunflower,iPhone 7,Summer 2017,
MQ5H2,Leather Case,Geranium,iPhone 7 Plus,Summer 2017,
MQ5J2,Leather Case,Sunflower,iPhone 7 Plus,Summer 2017,
MQGK2,Silicone Case,Black,iPhone 8,Autumn 2017,
MQGL2,Silicone Case,White,iPhone 8,Autumn 2017,
MQGM2,Silicone Case,Midnight Blue,iPhone 8,Autumn 2017,
MQGN2,Silicone Case,Blue Cobalt,iPhone 8,Autumn 2017,
MQGP2,Silicone Case,(PRODUCT)RED,iPhone 8,Autumn 2017,
MQGQ2,Silicone Case,Pink Sand,iPhone 8,Autumn 2017,
MQGR2,Silicone Case,Ultra Violet,iPhone 8,Autumn 2017,
MQGT2,Silicone Case,Rose Red,iPhone 8,Autumn 2017,
MQGW2,Silicone Case,Black,iPhone 8 Plus,Autumn 2017,
MQGX2,Silicone Case,White,iPhone 8 Plus,Autumn 2017,
MQGY2,Silicone Case,Midnight Blue,iPhone 8 Plus,Autumn 2017,
MQH02,Silicone Case,Blue Cobalt,iPhone 8 Plus,Autumn 2017,
MQH12,Silicone Case,(PRODUCT)RED,iPhone 8 Plus,Autumn 2017,
MQH22,Silicone Case,Pink Sand,iPhone 8 Plus,Autumn 2017,
MQH42,Silicone Case,Ultra Violet,iPhone 8 Plus,Autumn 2017,
MQH52,Silicone Case,Rose Red,iPhone 8 Plus,Autumn 2017,
MQH62,Leather Case,Taupe,iPhone 8,Autumn 2017,
MQH72,Leather Case,Saddle Brown,iPhone 8,Autumn 2017,
MQH82,Leather Case,Midnight Blue,iPhone 8,Autumn 2017,
MQH92,Leather Case,Black,iPhone 8,Autumn 2017,
MQHA2,Leather Case,(PRODUCT)RED,iPhone 8,Autumn 2017,
MQHC2,Leather Case,Charcoal Gray,iPhone 8,Autumn 2017,
MQHD2,Leather Case,Dark Aubergine,iPhone 8,Autumn 2017,
MQHF2,Leather Case,Cosmos Blue,iPhone 8,Autumn 2017,
MQHG2,Leather Case,Pink Fuchsia,iPhone 8,Autumn 2017,
MQHJ2,Leather Case,Taupe,iPhone 8 Plus,Autumn 2017,
MQHK2,Leather Case,Saddle Brown,iPhone 8 Plus,Autumn 2017,
MQHL2,Leather Case,Midnight Blue,iPhone 8 Plus,Autumn 2017,
MQHM2,Leather Case,Black,iPhone 8 Plus,Autumn 2017,
MQHN2,Leather Case,(PRODUCT)RED,iPhone 8 Plus,Autumn 2017,
MQHP2,Leather Case,Charcoal Gray,iPhone 8 Plus,Autumn 2017,
MQHQ2,Leather Case,Dark Aubergine,iPhone 8 Plus,Autumn 2017,
MQHR2,Leather Case,Cosmos Blue,iPhone 8 Plus,Autumn 2017,
MQHT2,Leather Case,Pink Fuchsia,iPhone 8 Plus,Autumn 2017,
MQRV2,Leather Folio,Black,iPhone X,Autumn 2017,
MQRW2,Leather Folio,Cosmos Blue,iPhone X,Autumn 2017,
MQRX2,Leather Folio,Berry,iPhone X,Autumn 2017,
MQRY2,Leather Folio,Taupe,iPhone X,Autumn 2017,
MQT12,Silicone Case,Black,iPhone X,Autumn 2017,
MQT22,Silicone Case,White,iPhone X,Autumn 2017,
MQT32,Silicone Case,Midnight Blue,iPhone X,Autumn 2017,
MQT42,Silicone Case,Blue Cobalt,iPhone X,Autumn 2017,
MQT52,Silicone Case,(PRODUCT)RED,iPhone X,Autumn 2017,
MQT62,Silicone Case,Pink Sand,iPhone X,Autumn 2017,
MQT72,Silicone Case,Ultra Violet,iPhone X,Autumn 2017,
MQT82,Silicone Case,Rose Red,iPhone X,Autumn 2017,
MQT92,Leather Case,Taupe,iPhone X,Autumn 2017,
MQTA2,Leather Case,Saddle Brown,iPhone X,Autumn 2017,
MQTC2,Leather Case,Midnight Blue,iPhone X,Autumn 2017,
MQTD2,Leather Case,Black,iPhone X,Autumn 2017,
MQTE2,Leather Case,(PRODUCT)RED,iPhone X,Autumn 2017,
MQTF2,Leather Case,Charcoal Gray,iPhone X,Autumn 2017,
MQTG2,Leather Case,Dark Aubergine,iPhone X,Autumn 2017,
MQTH2,Leather Case,Cosmos Blue,iPhone X,Autumn 2017,
MQTJ2,Leather Case,Pink Fuchsia,iPhone X,Autumn 2017,
MQU73,Silicone Case,Canary Yellow,iPhone 14,Spring 2023,
MQU83,Silicone Case,Olive,iPhone 14,Spring 2023,
MQU93,Silicone Case,Sky,iPhone 14,Spring 2023,
MQUA3,Silicone Case,Iris,iPhone 14,Spring 2023,
MQUC3,Silicone Case,Canary Yellow,iPhone 14 Plus,Spring 2023,
MQUD3,Silicone Case,Olive,iPhone 14 Plus,Spring 2023,
MQUE3,Silicone Case,Sky,iPhone 14 Plus,Spring 2023,
MQUF3,Silicone Case,Iris,iPhone 14 Plus,Spring 2023,
MQUG3,Silicone Case,Canary Yellow,iPhone 14 Pro,Spring 2023,
MQUH3,Silicone Case,Olive,iPhone 14 Pro,Spring 2023,
MQUJ3,Silicone Case,Sky,iPhone 14 Pro,Spring 2023,
MQUK3,Silicone Case,Iris,iPhone 14 Pro,Spring 2023,
MQUL3,Silicone Case,Canary Yellow,iPhone 14 Pro Max,Spring 2023,
MQUN3,Silicone Case,Olive,iPhone 14 Pro Max,Spring 2023,
MQUP3,Silicone Case,Sky,iPhone 14 Pro Max,Spring 2023,
MQUQ3,Silicone Case,Iris,iPhone 14 Pro Max,Spring 2023,
MR3N2,Silicone Case,Dark Olive,iPhone 8,Autumn 2017,
MR3Q2,Silicone Case,Dark Olive,iPhone 8 Plus,Autumn 2017,
MR522,Silicone Case,Dark Olive,iPhone X,Autumn 2017,
MRFQ2,Silicone Case,Red Raspberry,iPhone 8,Spring 2018,
MRFR2,Silicone Case,Denim Blue,iPhone 8,Spring 2018,
MRFU2,Silicone Case,Lemonade,iPhone 8,Spring 2018,
MRFW2,Silicone Case,Red Raspberry,iPhone 8 Plus,Spring 2018,
MRFX2,Silicone Case,Denim Blue,iPhone 8 Plus,Spring 2018,
MRFY2,Silicone Case,Lemonade,iPhone 8 Plus,Spring 2018,
MRG12,Silicone Case,Red Raspberry,iPhone X,Spring 2018,
MRG22,Silicone Case,Denim Blue,iPhone X,Spring 2018,
MRG32,Silicone Case,Lemonade,iPhone X,Spring 2018,
MRG52,Leather Case,Electric Blue,iPhone 8,Spring 2018,
MRG62,Leather Case,Soft Pink,iPhone 8,Spring 2018,
MRG72,Leather Case,Spring Yellow,iPhone 8,Spring 2018,
MRG82,Leather Case,Bright Orange,iPhone 8,Spring 2018,
MRG92,Leather Case,Electric Blue,iPhone 8 Plus,Spring 2018,
MRGA2,Leather Case,Soft Pink,iPhone 8 Plus,Spring 2018,
MRGC2,Leather Case,Spring Yellow,iPhone 8 Plus,Spring 2018,
MRGD2,Leather Case,Bright Orange,iPhone 8 Plus,Spring 2018,
MRGE2,Leather Folio,Electric Blue,iPhone X,Spring 2018,
MRGF2,Leather Folio,Soft Pink,iPhone X,Spring 2018,
MRGG2,Leather Case,Electric Blue,iPhone X,Spring 2018,
MRGH2,Leather Case,Soft Pink,iPhone X,Spring 2018,
MRGJ2,Leather Case,Spring Yellow,iPhone X,Spring 2018,
MRGK2,Leather Case,Bright Orange,iPhone X,Spring 2018,
MRQD2,Leather Folio,(PRODUCT)RED,iPhone X,Spring 2018,
MRR52,Silicone Case,Peach,iPhone 8,Summer 2018,
MRR62,Silicone Case,Sky Blue,iPhone 8,Summer 2018,
MRR72,Silicone Case,Marine Green,iPhone 8,Summer 2018,
MRR82,Silicone Case,Peach,iPhone 8 Plus,Summer 2018,
MRR92,Silicone Case,Sky Blue,iPhone 8 Plus,Summer 2018,
MRRA2,Silicone Case,Marine Green,iPhone 8 Plus,Summer 2018,
MRRC2,Silicone Case,Peach,iPhone X,Summer 2018,
MRRD2,Silicone Case,Sky Blue,iPhone X,Summer 2018,
MRRE2,Silicone Case,Marine Green,iPhone X,Summer 2018,
MRW62,Clear Case,Clear Case,iPhone XR,Autumn 2018,MRW62_AV4
MRW72,Silicone Case,Black,iPhone XS,Autumn 2018,
MRW82,Silicone Case,White,iPhone XS,Autumn 2018,
MRW92,Silicone Case,Midnight Blue,iPhone XS,Autumn 2018,
MRWC2,Silicone Case,(PRODUCT)RED,iPhone XS,Autumn 2018,
MRWD2,Silicone Case,Stone,iPhone XS,Autumn 2018,
MRWE2,Silicone Case,Black,iPhone XS Max,Autumn 2018,
MRWF2,Silicone Case,White,iPhone XS Max,Autumn 2018,
MRWG2,Silicone Case,Midnight Blue,iPhone XS Max,Autumn 2018,
MRWH2,Silicone Case,(PRODUCT)RED,iPhone XS Max,Autumn 2018,
MRWJ2,Silicone Case,Stone,iPhone XS Max,Autumn 2018,
MRWK2,Leather Case,(PRODUCT)RED,iPhone XS,Autumn 2018,
MRWL2,Leather Case,Taupe,iPhone XS,Autumn 2018,
MRWM2,Leather Case,Black,iPhone XS,Autumn 2018,
MRWN2,Leather Case,Midnight Blue,iPhone XS,Autumn 2018,
MRWP2,Leather Case,Saddle Brown,iPhone XS,Autumn 2018,
MRWQ2,Leather Case,(PRODUCT)RED,iPhone XS Max,Autumn 2018,
MRWR2,Leather Case,Taupe,iPhone XS Max,Autumn 2018,
MRWT2,Leather Case,Black,iPhone XS Max,Autumn 2018,
MRWU2,Leather Case,Midnight Blue,iPhone XS Max,Autumn 2018,
MRWV2,Leather Case,Saddle Brown,iPhone XS Max,Autumn 2018,
MRWW2,Leather Folio,Black,iPhone XS,Autumn 2018,
MRWX2,Leather Folio,(PRODUCT)RED,iPhone XS,Autumn 2018,
MRWY2,Leather Folio,Forest Green,iPhone XS,Autumn 2018,
MRX02,Leather Folio,Cape Cod Blue,iPhone XS,Autumn 2018,
MRX12,Leather Folio,Peony Pink,iPhone XS,Autumn 2018,
MRX22,Leather Folio,Black,iPhone XS Max,Autumn 2018,
MRX32,Leather Folio,(PRODUCT)RED,iPhone XS Max,Autumn 2018,
MRX42,Leather Folio,Forest Green,iPhone XS Max,Autumn 2018,
MRX52,Leather Folio,Cape Cod Blue,iPhone XS Max,Autumn 2018,
MRX62,Leather Folio,Peony Pink,iPhone XS Max,Autumn 2018,
MRXK2,Smart Battery Case,Black,iPhone XS,November 2018,
MRXL2,Smart Battery Case,White,iPhone XS,November 2018,
MRXQ2,Smart Battery Case,Black,iPhone XS Max,November 2018,
MRXR2,Smart Battery Case,White,iPhone XS Max,November 2018,
MT0J3,Silicone Case,Black,iPhone 15,Autumn 2023,
MT0N3,Silicone Case,Storm Blue,iPhone 15,Autumn 2023,
MT0Q3,Silicone Case,Clay,iPhone 15,Autumn 2023,
MT0U3,Silicone Case,Light Pink,iPhone 15,Autumn 2023,
MT0V3,Silicone Case,Guava,iPhone 15,Autumn 2023,
MT0W3,Silicone Case,Orange Sorbet,iPhone 15,Autumn 2023,
MT0X3,Silicone Case,Cypress,iPhone 15,Autumn 2023,
MT0Y3,Silicone Case,Winter Blue,iPhone 15,Autumn 2023,
MT103,Silicone Case,Black,iPhone 15 Plus,Autumn 2023,
MT123,Silicone Case,Storm Blue,iPhone 15 Plus,Autumn 2023,
MT133,Silicone Case,Clay,iPhone 15 Plus,Autumn 2023,
MT143,Silicone Case,Light Pink,iPhone 15 Plus,Autumn 2023,
MT163,Silicone Case,Guava,iPhone 15 Plus,Autumn 2023,
MT173,Silicone Case,Orange Sorbet,iPhone 15 Plus,Autumn 2023,
MT183,Silicone Case,Cypress,iPhone 15 Plus,Autumn 2023,
MT193,Silicone Case,Winter Blue,iPhone 15 Plus,Autumn 2023,
MT1A3,Silicone Case,Black,iPhone 15 Pro,Autumn 2023,
MT1D3,Silicone Case,Storm Blue,iPhone 15 Pro,Autumn 2023,
MT1E3,Silicone Case,Clay,iPhone 15 Pro,Autumn 2023,
MT1F3,Silicone Case,Light Pink,iPhone 15 Pro,Autumn 2023,
MT1G3,Silicone Case,Guava,iPhone 15 Pro,Autumn 2023,
MT1H3,Silicone Case,Orange Sorbet,iPhone 15 Pro,Autumn 2023,
MT1J3,Silicone Case,Cypress,iPhone 15 Pro,Autumn 2023,
MT1L3,Silicone Case,Winter Blue,iPhone 15 Pro,Autumn 2023,
MT1M3,Silicone Case,Black,iPhone 15 Pro Max,Autumn 2023,
MT1P3,Silicone Case,Storm Blue,iPhone 15 Pro Max,Autumn 2023,
MT1Q3,Silicone Case,Clay,iPhone 15 Pro Max,Autumn 2023,
MT1U3,Silicone Case,Light Pink,iPhone 15 Pro Max,Autumn 2023,
MT1V3,Silicone Case,Guava,iPhone 15 Pro Max,Autumn 2023,
MT1W3,Silicone Case,Orange Sorbet,iPhone 15 Pro Max,Autumn 2023,
MT1X3,Silicone Case,Cypress,iPhone 15 Pro Max,Autumn 2023,
MT1Y3,Silicone Case,Winter Blue,iPhone 15 Pro Max,Autumn 2023,
MT203,Clear Case,Clear Case,iPhone 15,Autumn 2023,MT203_AV2
MT213,Clear Case,Clear Case,iPhone 15 Plus,Autumn 2023,MT213_AV1
MT223,Clear Case,Clear Case,iPhone 15 Pro,Autumn 2023,MT223_AV2
MT233,Clear Case,Clear Case,iPhone 15 Pro Max,Autumn 2023,MT233_AV1
MT393,FineWoven Case,Black,iPhone 15,Autumn 2023,
MT3C3,FineWoven Case,Taupe,iPhone 15,Autumn 2023,
MT3E3,FineWoven Case,Mulberry,iPhone 15,Autumn 2023,
MT3G3,FineWoven Case,Pacific Blue,iPhone 15,Autumn 2023,
MT3J3,FineWoven Case,Evergreen,iPhone 15,Autumn 2023,
MT423,FineWoven Case,Black,iPhone 15 Plus,Autumn 2023,
MT473,FineWoven Case,Taupe,iPhone 15 Plus,Autumn 2023,
MT4A3,FineWoven Case,Mulberry,iPhone 15 Plus,Autumn 2023,
MT4D3,FineWoven Case,Pacific Blue,iPhone 15 Plus,Autumn 2023,
MT4F3,FineWoven Case,Evergreen,iPhone 15 Plus,Autumn 2023,
MT4H3,FineWoven Case,Black,iPhone 15 Pro,Autumn 2023,
MT4J3,FineWoven Case,Taupe,iPhone 15 Pro,Autumn 2023,
MT4L3,FineWoven Case,Mulberry,iPhone 15 Pro,Autumn 2023,
MT4Q3,FineWoven Case,Pacific Blue,iPhone 15 Pro,Autumn 2023,
MT4U3,FineWoven Case,Evergreen,iPhone 15 Pro,Autumn 2023,
MT4V3,FineWoven Case,Black,iPhone 15 Pro Max,Autumn 2023,
MT4W3,FineWoven Case,Taupe,iPhone 15 Pro Max,Autumn 2023,
MT4X3,FineWoven Case,Mulberry,iPhone 15 Pro Max,Autumn 2023,
MT4Y3,FineWoven Case,Pacific Blue,iPhone 15 Pro Max,Autumn 2023,
MT503,FineWoven Case,Evergreen,iPhone 15 Pro Max,Autumn 2023,
MTER2,Leather Case,Forest Green,iPhone XS,Autumn 2018,
MTET2,Leather Case,Cape Cod Blue,iPhone XS,Autumn 2018,
MTEU2,Leather Case,Peony Pink,iPhone XS,Autumn 2018,
MTEV2,Leather Case,Forest Green,iPhone XS Max,Autumn 2018,
MTEW2,Leather Case,Cape Cod Blue,iPhone XS Max,Autumn 2018,
MTEX2,Leather Case,Peony Pink,iPhone XS Max,Autumn 2018,
MTF82,Silicone Case,Pink Sand,iPhone XS,Autumn 2018,
MTF92,Silicone Case,Blue Horizon,iPhone XS,Autumn 2018,
MTFA2,Silicone Case,Nectarine,iPhone XS,Autumn 2018,
MTFC2,Silicone Case,Lavender Gray,iPhone XS,Autumn 2018,
MTFD2,Silicone Case,Pink Sand,iPhone XS Max,Autumn 2018,
MTFE2,Silicone Case,Blue Horizon,iPhone XS Max,Autumn 2018,
MTFF2,Silicone Case,Nectarine,iPhone XS Max,Autumn 2018,
MTFH2,Silicone Case,Lavender Gray,iPhone XS Max,Autumn 2018,
MU7M2,Smart Battery Case,Black,iPhone XR,Autumn 2018,
MU7N2,Smart Battery Case,White,iPhone XR,Autumn 2018,
MUJP2,Silicone Case,Hibiscus,iPhone XS Max,November 2018,
MUJQ2,Silicone Case,Pacific Green,iPhone XS Max,November 2018,
MUJR2,Silicone Case,Mellow Yellow,iPhone XS Max,November 2018,
MUJT2,Silicone Case,Hibiscus,iPhone XS,November 2018,
MUJU2,Silicone Case,Pacific Green,iPhone XS,November 2018,
MUJV2,Silicone Case,Mellow Yellow,iPhone XS,November 2018,
MVF12,Silicone Case,Delft Blue,iPhone XS,Spring 2019,
MVF22,Silicone Case,Papaya,iPhone XS,Spring 2019,
MVF52,Silicone Case,Spearmint,iPhone XS,Spring 2019,
MVF62,Silicone Case,Delft Blue,iPhone XS Max,Spring 2019,
MVF72,Silicone Case,Papaya,iPhone XS Max,Spring 2019,
MVF82,Silicone Case,Spearmint,iPhone XS Max,Spring 2019,
MVF92,Leather Folio,Lilac,iPhone XS,Spring 2019,
MVFC2,Leather Folio,Sunset,iPhone XS,Spring 2019,
MVFD2,Leather Folio,Cornflower,iPhone XS,Spring 2019,
MVFP2,Leather Case,Cornflower,iPhone XS,Spring 2019,
MVFQ2,Leather Case,Sunset,iPhone XS,Spring 2019,
MVFR2,Leather Case,Lilac,iPhone XS,Spring 2019,
MVFT2,Leather Folio,Cornflower,iPhone XS Max,Spring 2019,
MVFU2,Leather Folio,Sunset,iPhone XS Max,Spring 2019,
MVFV2,Leather Folio,Lilac,iPhone XS Max,Spring 2019,
MVFX2,Leather Case,Cornflower,iPhone XS Max,Spring 2019,
MVFY2,Leather Case,Sunset,iPhone XS Max,Spring 2019,
MVH02,Leather Case,Lilac,iPhone XS Max,Spring 2019,
MVQP2,Smart Battery Case,Pink Sand,iPhone XS,November 2018,
MVQQ2,Smart Battery Case,Pink Sand,iPhone XS Max,November 2018,
MW952,Silicone Case,Cornflower,iPhone XS Max,Summer 2019,
MW962,Silicone Case,Canary Yellow,iPhone XS Max,Summer 2019,
MW972,Silicone Case,Dragon Fruit,iPhone XS Max,Summer 2019,
MW982,Silicone Case,Cornflower,iPhone XS,Summer 2019,
MW992,Silicone Case,Canary Yellow,iPhone XS,Summer 2019,
MW9A2,Silicone Case,Dragon Fruit,iPhone XS,Summer 2019,
MWN93,Silicone Case,Pink,iPhone 15,Spring 2024,
MWNA3,Silicone Case,Sunshine,iPhone 15,Spring 2024,
MWNC3,Silicone Case,Soft Mint,iPhone 15,Spring 2024,
MWND3,Silicone Case,Light Blue,iPhone 15,Spring 2024,
MWNE3,Silicone Case,Pink,iPhone 15 Plus,Spring 2024,
MWNF3,Silicone Case,Sunshine,iPhone 15 Plus,Spring 2024,
MWNG3,Silicone Case,Soft Mint,iPhone 15 Plus,Spring 2024,
MWNH3,Silicone Case,Light Blue,iPhone 15 Plus,Spring 2024,
MWNJ3,Silicone Case,Pink,iPhone 15 Pro,Spring 2024,
MWNK3,Silicone Case,Sunshine,iPhone 15 Pro,Spring 2024,
MWNL3,Silicone Case,Soft Mint,iPhone 15 Pro,Spring 2024,
MWNM3,Silicone Case,Light Blue,iPhone 15 Pro,Spring 2024,
MWNN3,Silicone Case,Pink,iPhone 15 Pro Max,Spring 2024,
MWNP3,Silicone Case,Sunshine,iPhone 15 Pro Max,Spring 2024,
MWNQ3,Silicone Case,Soft Mint,iPhone 15 Pro Max,Spring 2024,
MWNR3,Silicone Case,Light Blue,iPhone 15 Pro Max,Spring 2024,
MWVG2,Clear Case,Clear Case,iPhone 11,Autumn 2019,MWVG2_AV4
MWVH2,Smart Battery Case,Black,iPhone 11,Autumn 2019,
MWVJ2,Smart Battery Case,White,iPhone 11,Autumn 2019,
MWVL2,Smart Battery Case,Black,iPhone 11 Pro,November 2019,
MWVM2,Smart Battery Case,White,iPhone 11 Pro,November 2019,
MWVN2,Smart Battery Case,Pink Sand,iPhone 11 Pro,November 2019,
MWVP2,Smart Battery Case,Black,iPhone 11 Pro Max,November 2019,
MWVQ2,Smart Battery Case,White,iPhone 11 Pro Max,November 2019,
MWVR2,Smart Battery Case,Pink Sand,iPhone 11 Pro Max,November 2019,
MWVU2,Silicone Case,Black,iPhone 11,Autumn 2019,
MWVX2,Silicone Case,White,iPhone 11,Autumn 2019,
MWYA2,Leather Case,Meyer Lemon,iPhone 11 Pro,Autumn 2019,
MWYC2,Leather Case,Forest Green,iPhone 11 Pro,Autumn 2019,
MWYD2,Leather Case,Saddle Brown,iPhone 11 Pro,Autumn 2019,
MWYE2,Leather Case,Black,iPhone 11 Pro,Autumn 2019,
MWYF2,Leather Case,(PRODUCT)RED,iPhone 11 Pro,Autumn 2019,
MWYG2,Leather Case,Midnight Blue,iPhone 11 Pro,Autumn 2019,
MWYH2,Silicone Case,(PRODUCT)RED,iPhone 11 Pro,Autumn 2019,
MWYJ2,Silicone Case,Midnight Blue,iPhone 11 Pro,Autumn 2019,
MWYK2,Clear Case,Clear Case,iPhone 11 Pro,Autumn 2019,
MWYL2,Silicone Case,White,iPhone 11 Pro,Autumn 2019,
MWYM2,Silicone Case,Pink Sand,iPhone 11 Pro,Autumn 2019,
MWYN2,Silicone Case,Black,iPhone 11 Pro,Autumn 2019,
MWYP2,Silicone Case,Pine Green,iPhone 11 Pro,Autumn 2019,
MWYQ2,Silicone Case,Clementine (Orange),iPhone 11 Pro,Autumn 2019,
MWYR2,Silicone Case,Alaskan Blue,iPhone 11 Pro,Autumn 2019,
MWYV2,Silicone Case,(PRODUCT)RED,iPhone 11 Pro Max,Autumn 2019,
MWYW2,Silicone Case,Midnight Blue,iPhone 11 Pro Max,Autumn 2019,
MWYX2,Silicone Case,White,iPhone 11 Pro Max,Autumn 2019,
MWYY2,Silicone Case,Pink Sand,iPhone 11 Pro Max,Autumn 2019,
MX002,Silicone Case,Black,iPhone 11 Pro Max,Autumn 2019,
MX012,Silicone Case,Pine Green,iPhone 11 Pro Max,Autumn 2019,
MX022,Silicone Case,Clementine (Orange),iPhone 11 Pro Max,Autumn 2019,
MX032,Silicone Case,Alaskan Blue,iPhone 11 Pro Max,Autumn 2019,
MX062,Leather Folio,Black,iPhone 11 Pro,Autumn 2019,
MX072,Leather Folio,Aubergine,iPhone 11 Pro,Autumn 2019,
MX082,Leather Folio,Black,iPhone 11 Pro Max,Autumn 2019,
MX092,Leather Folio,Aubergine,iPhone 11 Pro Max,Autumn 2019,
MX0A2,Leather Case,Meyer Lemon,iPhone 11 Pro Max,Autumn 2019,
MX0C2,Leather Case,Forest Green,iPhone 11 Pro Max,Autumn 2019,
MX0D2,Leather Case,Saddle Brown,iPhone 11 Pro Max,Autumn 2019,
MX0E2,Leather Case,Black,iPhone 11 Pro Max,Autumn 2019,
MX0F2,Leather Case,(PRODUCT)RED,iPhone 11 Pro Max,Autumn 2019,
MX0G2,Leather Case,Midnight Blue,iPhone 11 Pro Max,Autumn 2019,
MX0H2,Clear Case,Clear Case,iPhone 11 Pro Max,Autumn 2019,
MXM62,Silicone Case,Pomegranate,iPhone 11 Pro,November 2019,
MXM72,Silicone Case,Beryl,iPhone 11 Pro,November 2019,
MXM82,Silicone Case,Pomegranate,iPhone 11 Pro Max,November 2019,
MXM92,Silicone Case,Beryl,iPhone 11 Pro Max,November 2019,
MXYH2,Silicone Case,Black,iPhone SE,Spring 2020,
MXYJ2,Silicone Case,White,iPhone SE,Spring 2020,
MXYK2,Silicone Case,Pink Sand,iPhone SE,Spring 2020,
MXYL2,Leather Case,(PRODUCT)RED,iPhone SE,Spring 2020,
MXYM2,Leather Case,Black,iPhone SE,Spring 2020,
MXYN2,Leather Case,Midnight Blue,iPhone SE,Spring 2020,
MXYW2,Silicone Case,Cactus,iPhone 11,Spring 2020,
MXYX2,Silicone Case,Grapefruit,iPhone 11,Spring 2020,
MXYY2,Silicone Case,Surf Blue,iPhone 11,Spring 2020,
MY102,Silicone Case,Seafoam,iPhone 11 Pro Max,Summer 2020,
MY112,Silicone Case,Vitamin C,iPhone 11 Pro Max,Summer 2020,
MY122,Silicone Case,Linen Blue,iPhone 11 Pro Max,Summer 2020,
MY152,Silicone Case,Seafoam,iPhone 11 Pro,Summer 2020,
MY162,Silicone Case,Vitamin C,iPhone 11 Pro,Summer 2020,
MY172,Silicone Case,Linen Blue,iPhone 11 Pro,Summer 2020,
MY182,Silicone Case,Seafoam,iPhone 11,Summer 2020,
MY192,Silicone Case,Vitamin C,iPhone 11,Summer 2020,
MY1A2,Silicone Case,Linen Blue,iPhone 11,Summer 2020,
MY1C2,Silicone Case,Cactus,iPhone 11 Pro,Spring 2020,
MY1E2,Silicone Case,Grapefruit,iPhone 11 Pro,Spring 2020,
MY1F2,Silicone Case,Surf Blue,iPhone 11 Pro,Spring 2020,
MY1G2,Silicone Case,Cactus,iPhone 11 Pro Max,Spring 2020,
MY1H2,Silicone Case,Grapefruit,iPhone 11 Pro Max,Spring 2020,
MY1J2,Silicone Case,Surf Blue,iPhone 11 Pro Max,Spring 2020,
MY1K2,Leather Folio,Raspberry,iPhone 11 Pro,Spring 2020,
MY1L2,Leather Folio,Deep Sea Blue,iPhone 11 Pro,Spring 2020,
MY1M2,Leather Folio,Peacock,iPhone 11 Pro,Spring 2020,
MY1N2,Leather Folio,Raspberry,iPhone 11 Pro Max,Spring 2020,
MY1P2,Leather Folio,Deep Sea Blue,iPhone 11 Pro Max,Spring 2020,
MY1Q2,Leather Folio,Peacock,iPhone 11 Pro Max,Spring 2020,
MYY13,Silicone Case,Black,iPhone 16,Autumn 2024,
MYY23,Silicone Case,Denim,iPhone 16,Autumn 2024,
MYY33,Silicone Case,Stone Gray,iPhone 16,Autumn 2024,
MYY43,Silicone Case,Plum,iPhone 16,Autumn 2024,
MYY53,Silicone Case,Fuchsia,iPhone 16,Autumn 2024,
MYY63,Silicone Case,Ultramarine,iPhone 16,Autumn 2024,
MYY73,Silicone Case,Star Fruit,iPhone 16,Autumn 2024,
MYY83,Silicone Case,Lake Green,iPhone 16,Autumn 2024,
MYY93,Silicone Case,Black,iPhone 16 Plus,Autumn 2024,
MYYA3,Silicone Case,Denim,iPhone 16 Plus,Autumn 2024,
MYYC3,Silicone Case,Stone Gray,iPhone 16 Plus,Autumn 2024,
MYYD3,Silicone Case,Plum,iPhone 16 Plus,Autumn 2024,
MYYE3,Silicone Case,Fuchsia,iPhone 16 Plus,Autumn 2024,
MYYF3,Silicone Case,Ultramarine,iPhone 16 Plus,Autumn 2024,
MYYG3,Silicone Case,Star Fruit,iPhone 16 Plus,Autumn 2024,
MYYH3,Silicone Case,Lake Green,iPhone 16 Plus,Autumn 2024,
MYYJ3,Silicone Case,Black,iPhone 16 Pro,Autumn 2024,
MYYK3,Silicone Case,Denim,iPhone 16 Pro,Autumn 2024,
MYYL3,Silicone Case,Stone Gray,iPhone 16 Pro,Autumn 2024,
MYYM3,Silicone Case,Plum,iPhone 16 Pro,Autumn 2024,
MYYN3,Silicone Case,Fuchsia,iPhone 16 Pro,Autumn 2024,
MYYP3,Silicone Case,Ultramarine,iPhone 16 Pro,Autumn 2024,
MYYQ3,Silicone Case,Star Fruit,iPhone 16 Pro,Autumn 2024,
MYYR3,Silicone Case,Lake Green,iPhone 16 Pro,Autumn 2024,
MYYT3,Silicone Case,Black,iPhone 16 Pro Max,Autumn 2024,
MYYU3,Silicone Case,Denim,iPhone 16 Pro Max,Autumn 2024,
MYYV3,Silicone Case,Stone Gray,iPhone 16 Pro Max,Autumn 2024,
MYYW3,Silicone Case,Plum,iPhone 16 Pro Max,Autumn 2024,
MYYX3,Silicone Case,Fuchsia,iPhone 16 Pro Max,Autumn 2024,
MYYY3,Silicone Case,Ultramarine,iPhone 16 Pro Max,Autumn 2024,
MGQF2,Silicone Case,Black,iPhone 6,Autumn 2014,
MGR92,Silicone Case,Black,iPhone 6 Plus,Autumn 2014,
MGXU2,Silicone Case,Green,iPhone 6,Autumn 2014,
MGXX2,Silicone Case,Green,iPhone 6 Plus,Autumn 2014,
MGQG2,Silicone Case,White,iPhone 6,Autumn 2014,
MGRF2,Silicone Case,White,iPhone 6 Plus,Autumn 2014,
MGQH2,Silicone Case,(PRODUCT)RED,iPhone 6,Autumn 2014,
MGRG2,Silicone Case,(PRODUCT)RED,iPhone 6 Plus,Autumn 2014,
MGQJ2,Silicone Case,Blue,iPhone 6,Autumn 2014,
MGRH2,Silicone Case,Blue,iPhone 6 Plus,Autumn 2014,
MGXT2,Silicone Case,Pink,iPhone 6,Autumn 2014,
MGXW2,Silicone Case,Pink,iPhone 6 Plus,Autumn 2014,
MGR22,Leather Case,Olive Brown,iPhone 6,Autumn 2014,
MGQR2,Leather Case,Olive Brown,iPhone 6 Plus,Autumn 2014,
MGR32,Leather Case,Midnight Blue,iPhone 6,Autumn 2014,
MGQV2,Leather Case,Midnight Blue,iPhone 6 Plus,Autumn 2014,
MGR52,Leather Case,Soft Pink,iPhone 6,Autumn 2014,
MGQW2,Leather Case,Soft Pink,iPhone 6 Plus,Autumn 2014,
MGR62,Leather Case,Black,iPhone 6,Autumn 2014,
MGQX2,Leather Case,Black,iPhone 6 Plus,Autumn 2014,
MGR82,Leather Case,(PRODUCT)RED,iPhone 6,Autumn 2014,
MGQY2,Leather Case,(PRODUCT)RED,iPhone 6 Plus,Autumn 2014,
MKY02,Silicone Case,Charcoal Gray,iPhone 6s,Autumn 2015,
MKXJ2,Silicone Case,Charcoal Gray,iPhone 6s Plus,Autumn 2015,
MKY12,Silicone Case,White,iPhone 6s,Autumn 2015,
MKXK2,Silicone Case,White,iPhone 6s Plus,Autumn 2015,
MKY22,Silicone Case,Midnight Blue,iPhone 6s,Autumn 2015,
MKXL2,Silicone Case,Midnight Blue,iPhone 6s Plus,Autumn 2015,
MKY32,Silicone Case,(PRODUCT)RED,iPhone 6s,Autumn 2015,
MKXM2,Silicone Case,(PRODUCT)RED,iPhone 6s Plus,Autumn 2015,
MKY42,Silicone Case,Stone,iPhone 6s,Autumn 2015,
MKXN2,Silicone Case,Stone,iPhone 6s Plus,Autumn 2015,
MKY52,Silicone Case,Blue,iPhone 6s,Autumn 2015,
MKXP2,Silicone Case,Blue,iPhone 6s Plus,Autumn 2015,
MKY62,Silicone Case,Orange,iPhone 6s,Autumn 2015,
MKXQ2,Silicone Case,Orange,iPhone 6s Plus,Autumn 2015,
MLCU2,Silicone Case,Pink,iPhone 6s,Autumn 2015,
MLCY2,Silicone Case,Pink,iPhone 6s Plus,Autumn 2015,
MLCV2,Silicone Case,Lavender,iPhone 6s,Autumn 2015,
MLD02,Silicone Case,Lavender,iPhone 6s Plus,Autumn 2015,
MLCW2,Silicone Case,Turquoise,iPhone 6s,Autumn 2015,
MLD12,Silicone Case,Turquoise,iPhone 6s Plus,Autumn 2015,
MLCX2,Silicone Case,Antique White,iPhone 6s,Autumn 2015,
MLD22,Silicone Case,Antique White,iPhone 6s Plus,Autumn 2015,
MKXR2,Leather Case,Brown,iPhone 6s,Autumn 2015,
MKX92,Leather Case,Brown,iPhone 6s Plus,Autumn 2015,
MKXT2,Leather Case,Saddle Brown,iPhone 6s,Autumn 2015,
MKXC2,Leather Case,Saddle Brown,iPhone 6s Plus,Autumn 2015,
MKXU2,Leather Case,Midnight Blue,iPhone 6s,Autumn 2015,
MKXD2,Leather Case,Midnight Blue,iPhone 6s Plus,Autumn 2015,
MKXV2,Leather Case,Rose Gray,iPhone 6s,Autumn 2015,
MKXE2,Leather Case,Rose Gray,iPhone 6s Plus,Autumn 2015,
MKXW2,Leather Case,Black,iPhone 6s,Autumn 2015,
MKXF2,Leather Case,Black,iPhone 6s Plus,Autumn 2015,
MKXX2,Leather Case,(PRODUCT)RED,iPhone 6s,Autumn 2015,
MKXG2,Leather Case,(PRODUCT)RED,iPhone 6s Plus,Autumn 2015,
MGQL2,Smart Battery Case,Charcoal Gray,iPhone 6s,Autumn 2015,
MGQM2,Smart Battery Case,White,iPhone 6s,Autumn 2015,
MM672,Silicone Case,Mint,iPhone 6s,Spring 2016,
MM692,Silicone Case,Mint,iPhone 6s Plus,Spring 2016,
MM682,Silicone Case,Light Pink,iPhone 6s,Spring 2016,
MM6A2,Silicone Case,Light Pink,iPhone 6s Plus,Spring 2016,
MM622,Silicone Case,Lavender,iPhone 6s,Spring 2016,
MM6D2,Silicone Case,Lavender,iPhone 6s Plus,Spring 2016,
MM632,Silicone Case,Royal Blue,iPhone 6s,Spring 2016,
MM6E2,Silicone Case,Royal Blue,iPhone 6s Plus,Spring 2016,
MM642,Silicone Case,Apricot,iPhone 6s,Spring 2016,
MM6F2,Silicone Case,Apricot,iPhone 6s Plus,Spring 2016,
MM662,Silicone Case,Yellow,iPhone 6s,Spring 2016,
MM6H2,Silicone Case,Yellow,iPhone 6s Plus,Spring 2016,
MM4D2,Leather Case,Storm Gray,iPhone 6s,Spring 2016,
MM322,Leather Case,Storm Gray,iPhone 6s Plus,Spring 2016,
MM4G2,Leather Case,Marine Blue,iPhone 6s,Spring 2016,
MM362,Leather Case,Marine Blue,iPhone 6s Plus,Spring 2016,
MMM22,Leather Case,Marigold,iPhone 6s,Spring 2016,
MMM32,Leather Case,Marigold,iPhone 6s Plus,Spring 2016,
